<!--
This is a blank form for test results.
Fill it please and send to javame@dogada.com.
See http://www.dogada.com/javame/results/results.xml for an example.

IMPORTANT NOTE:
For all fps-tests that you will send both fps indicator and additional
info at the bottom of the screen must be showed. You can enable/disable
additional info at the bottom of the screen by pressing 'FIRE'.
-->

  <device name="" test-date="" tester="">
    <note-list>
      <note></note>
    </note-list>

    <properties>
      <memory total="" free=""/>
      <colors isColor="" numColors=""/>
      <canvas width="" height="" doublebuffered=""/>
      <events repeat="" pointer="" pointerMotion=""/>
      <jar-file max-size="" max-count=""/>
    </properties>

    <system-property-list>
      <system-property name="microedition.configuration" value=""/>
      <system-property name="microedition.profiles" value=""/>
      <system-property name="microedition.platform" value=""/>
      <system-property name="microedition.locale" value=""/>
      <system-property name="microedition.encoding" value=""/>
    </system-property-list>

    <fill-rect-test>
      <rect w="8" h="8" total="" time="" fps=""/>
      <rect w="12" h="12" total="" time="" fps=""/>
      <rect w="16" h="16" total="" time="" fps=""/>
    </fill-rect-test>

    <draw-image-test>
      <image w="8" h="8" total="" time="" fps=""/>
      <image w="12" h="12" total="" time="" fps=""/>
      <image w="16" h="16" total="" time="" fps=""/>
    </draw-image-test>

    <calc-test>
      <pass total="3" time=""/>
    </calc-test>

  </device>